{
	"Common" : {
		"nexacrohandle" : "0x00020362",
		"resourcepath" : "C:\\Users\\CNCNetworks\\Documents\\TOBESOFT\\Nexacro N\\deploy\\NEDU0424\\_windows_",
		"bootstrapjson" : "http://localhost:8088/edupack_egov/NEDU0424/_windows_/start.json",
		"programname" : "FrontNEDU0424",
		"applicationkey" : "FrontNEDU0424",
		"installlocation" : "TOBESOFT\\Nexacro N\\21\\NEDU0424\\",
		"externalsetupresource" : "false",
		"installmode" : "Default",
		"autoupdate" : "Auto",
		"shortcutinstalltype" : "userselect",
		"updatebrowser" : "true"
	},
	"Windows_x86" : {
		"outputpath" : "C:\\Users\\CNCNetworks\\Documents\\TOBESOFT\\Nexacro N\\deploy\\NEDU0424\\_windows_\\FrontNexacroN_SetupRuntime_x86.exe",
		"setupversion" : "21.0.0.1400",
		"enginesetupkey" : "506B38F2-11E4-4363-9096-38D269508FD3",
		"originalfile" : "C:\\Program Files (x86)\\TOBESOFT\\Nexacro N\\SDK\\21.0.0\\SetupRuntime\\NexacroN_SetupRuntime_x86.exe"
	},
	"Windows_x64" : {
		"outputpath" : "C:\\Users\\CNCNetworks\\Documents\\TOBESOFT\\Nexacro N\\deploy\\NEDU0424\\_windows_\\FrontNexacroN_SetupRuntime_x64.exe",
		"setupversion" : "21.0.0.1400",
		"enginesetupkey" : "EE2A56F7-D8C4-407D-94A9-9748131FFF46",
		"originalfile" : "C:\\Program Files (x86)\\TOBESOFT\\Nexacro N\\SDK\\21.0.0\\SetupRuntime\\NexacroN_SetupRuntime_x64.exe"
	}
}