{
	"Common" : {
		"nexacrohandle" : "0x00020362",
		"resourcepath" : "C:\\Users\\CNCNetworks\\Documents\\TOBESOFT\\Nexacro N\\deploy\\edupack_nexacro\\_windows_",
		"bootstrapjson" : "http://localhost:8088/edupack_egov/edupack_nexacro/_windows_/start.json",
		"programname" : "edupack_nexacro_tobe",
		"applicationkey" : "edupack_nexacro_tobe",
		"installlocation" : "TOBESOFT\\Nexacro N\\21\\edupack_nexacro\\",
		"externalsetupresource" : "false",
		"installmode" : "Default",
		"autoupdate" : "Auto",
		"shortcutinstalltype" : "userselect",
		"updatebrowser" : "true"
	},
	"Windows_x86" : {
		"outputpath" : "C:\\Users\\CNCNetworks\\Documents\\TOBESOFT\\Nexacro N\\deploy\\edupack_nexacro\\_windows_\\TobeNexacroN_SetupRuntime_x86.exe",
		"setupversion" : "21.0.0.14000",
		"enginesetupkey" : "4A1BBAA2-58A3-42A7-BFE3-32A68ECAA6CB",
		"originalfile" : "C:\\Program Files (x86)\\TOBESOFT\\Nexacro N\\SDK\\21.0.0\\SetupRuntime\\NexacroN_SetupRuntime_x86.exe"
	},
	"Windows_x64" : {
		"outputpath" : "C:\\Users\\CNCNetworks\\Documents\\TOBESOFT\\Nexacro N\\deploy\\edupack_nexacro\\_windows_\\TobeNexacroN_SetupRuntime_x64.exe",
		"setupversion" : "21.0.0.14000",
		"enginesetupkey" : "67157283-5FD4-4B51-A212-FD14F22F69D9",
		"originalfile" : "C:\\Program Files (x86)\\TOBESOFT\\Nexacro N\\SDK\\21.0.0\\SetupRuntime\\NexacroN_SetupRuntime_x64.exe"
	}
}